vendor_id,vendor_name,vendor_category,bank_account_id,vendor_address,onboarding_date,payment_terms
V0001,Wadhwa-Guha,IT Equipment,SWSP1251667792872,"63/124, Andra Street, Asansol 949608",2024-03-20,15
V0002,"Mandal, Pandya and Shetty",Logistics,ABPR1477661083738,"927, Mitra Chowk, Alappuzha 821680",2021-10-11,30
V0003,Atwal-Iyer,Manufacturing,BUCT4737406557403,"85/408, Taneja Chowk, Chennai 030165",2025-10-07,30
V0004,"Dewan, Roy and Ramachandran",IT Equipment,RZGY7791905361236,"39/914, Kuruvilla Chowk, Nangloi Jat 092116",2025-04-25,15
V0005,Batra-Randhawa,Consulting,DKWA6558650059370,"H.No. 246, Ratta Marg, Gulbarga-761935",2021-11-24,15
V0006,Mandal-Manda,Office Supplies,RYXO1319969948192,"H.No. 93, Vyas Path, Bhusawal 645638",2021-09-29,15
V0007,"Johal, Kanda and Madan",Manufacturing,DKXP9385425703765,"15, Goyal Zila, Guntakal-367778",2024-05-21,30
V0008,Chaudhary-Sarkar,Office Supplies,OHKK3984827291355,"H.No. 001, Aggarwal Chowk, Mumbai-700074",2023-03-01,30
V0009,Chowdhury-Rajagopal,Consulting,DVWW4268398522630,"05/78, Prashad Circle, Hospet-990628",2024-07-22,30
V0010,"Sandhu, Madan and Chandra",Furniture,PXTR0682381342708,"160, Khanna Path, Siliguri-937226",2025-10-07,45
V0011,Viswanathan Group,Office Supplies,ZTCP8498595196168,"H.No. 308, Narayanan Zila, Ujjain-598732",2025-12-19,30
V0012,Raval LLC,Consulting,LEAB3414523012022,"52, Gokhale Chowk, Kolhapur-376083",2023-05-07,45
V0013,"Bedi, Mall and Pai",Logistics,UDEY3692653018704,"37, Devi Nagar, Meerut-719486",2025-07-13,30
V0014,Gokhale and Sons,Manufacturing,RLSH1057836789524,"49, Pall Nagar, Dehradun-715907",2023-03-19,45
V0015,Borra PLC,IT Equipment,EIPM3645417712308,"913, Saxena Road, Uluberia 192597",2024-07-30,15
V0016,Bains-Nori,Consulting,SQRG7277465775950,"752, Chandran Street, Ranchi 150764",2022-01-09,15
V0017,"Sidhu, Sangha and Swamy",Maintenance,BGBM8554407788111,"H.No. 891, Gokhale Marg, Shimla-687505",2026-06-24,45
V0018,Srinivasan-Koshy,Logistics,GRSM3497831918618,"435, Madan Marg, Malda 911904",2024-06-13,15
V0019,Hari-Bhavsar,Furniture,GFWH6683083971938,"048, Puri, Kamarhati 113477",2023-01-31,15
V0020,"Jayaraman, Sodhi and Choudhary",Consulting,AUTX5596762807248,"H.No. 49, Dugal Marg, Solapur 804136",2022-06-12,15
V0021,Chandran PLC,Logistics,PGIE4030279243066,"29/493, Venkatesh Street, Gandhinagar-017961",2024-07-23,45
V0022,"Raman, Pai and Varughese",Manufacturing,LBKF4230927563419,"H.No. 48, Khanna Path, Kanpur 376623",2022-09-19,15
V0023,Oak-Kalita,Office Supplies,ENAN1198475842974,"H.No. 35, Dhillon Road, Noida-264988",2025-01-27,30
V0024,"Sur, Biswas and Gour",Logistics,ATIE3177860649823,"H.No. 83, Dutta Chowk, Sambalpur 242603",2023-07-09,15
V0025,"Rai, Halder and Pandey",Manufacturing,AIZC9809959802256,"H.No. 521, Warrior Road, Gurgaon 339618",2026-06-19,15
V0026,"Narasimhan, Gala and Virk",Consulting,KFWL2943593194729,"100, Ray, Jodhpur-568368",2022-10-20,45
V0027,Mutti-Rajagopal,Furniture,CKFW6008148846142,"H.No. 616, Parsa, Junagadh 886190",2022-12-26,45
V0028,Balakrishnan-Merchant,Software,QXEJ1582167750495,"H.No. 938, Batra Road, Agartala 554672",2025-08-03,45
V0029,Issac Ltd,Maintenance,XMQM8037110980780,"61, Bose Road, Alwar-113761",2026-05-21,30
V0030,"Dewan, Ahluwalia and Uppal",Logistics,PKMI2239927796999,"H.No. 32, Sha Zila, Chittoor-812496",2024-07-25,15
V0031,Sha-Vaidya,Software,MHLY3979078017838,"H.No. 449, Varma Ganj, Erode-132940",2024-11-11,30
V0032,"Sarna, Wali and Buch",Software,HBZS0650351201786,"H.No. 16, Kapur Street, Kollam 137765",2022-06-08,60
V0033,Merchant Inc,Consulting,QFDX5346599737343,"34/65, Ramanathan Zila, Bikaner 598498",2023-05-29,45
V0034,Naik Ltd,Manufacturing,ZRYW3818014825934,"48, Ahluwalia Zila, Sagar-523060",2022-08-20,45
V0035,Sahni Ltd,Office Supplies,BJKA6453468255108,"H.No. 79, Sodhi, Madanapalle-641392",2023-12-17,30
V0036,"Dube, Pandya and Gupta",Office Supplies,DMOC3131450147722,"60, Dube Road, Bettiah 817581",2024-06-14,45
V0037,Vaidya-Savant,Consulting,VBLJ6679352292493,"H.No. 67, Sengupta Circle, Mehsana 627541",2024-05-07,45
V0038,Manda-Upadhyay,IT Equipment,YBYD7172282669614,"H.No. 58, Choudhry Marg, Kavali-086155",2024-05-26,30
V0039,"Doshi, Morar and Mani",Maintenance,DSEA3127984908054,"H.No. 88, Randhawa Marg, Bathinda-053062",2022-07-05,30
V0040,"Nagy, Date and Dani",Furniture,ALSC2801073023969,"H.No. 34, Gulati Ganj, Gopalpur 314145",2022-02-10,60
V0041,Mand LLC,Furniture,JOKE6431259702003,"H.No. 50, Bansal Chowk, Burhanpur-905018",2026-01-20,30
V0042,"Narayan, Goel and Chada",Logistics,TKJW6332236339249,"779, Kanda Chowk, Aurangabad 826612",2026-07-05,30
V0043,Barad-Chana,Manufacturing,DJJH8882296938721,"85/722, Dass Marg, Ludhiana 459799",2024-06-13,45
V0044,"Sastry, Das and Bail",Consulting,JBVT2386788778596,"H.No. 33, Dugar Ganj, Gurgaon 317044",2021-11-25,60
V0045,Karnik Inc,Maintenance,NGBS8415396539048,"78/09, Sen, Patna 018294",2026-07-02,30
V0046,Nazareth-Dayal,Software,BBOF0085254517772,"H.No. 901, Saini Circle, Aligarh-481519",2024-10-29,60
V0047,Balay LLC,IT Equipment,UBLT2424126827297,"H.No. 475, Patil Road, Dehradun-107639",2021-12-02,15
V0048,"Tak, Bumb and Bahri",IT Equipment,NKMH0926960810099,"H.No. 320, Jain Path, Giridih-584825",2023-04-05,30
V0049,Mane PLC,Software,WRNW5799010657258,"974, Mahal Street, Purnia-259441",2022-01-15,60
V0050,Deshpande-Savant,IT Equipment,YUGG7467994910758,"H.No. 177, Soni Chowk, Ghaziabad 908439",2022-06-22,60
V0051,Chhabra LLC,Consulting,WYOD6643537621440,"H.No. 316, Dewan Nagar, Raebareli 818578",2025-09-24,60
V0052,Ganesh Group,Logistics,LYVR8707023147941,"368, Kannan Road, Saharanpur 293434",2022-06-27,15
V0053,"Bhagat, Contractor and Raval",IT Equipment,RXRD7418163569634,"440, Subramaniam Street, Rajkot 584525",2026-07-04,45
V0054,Sachar-Shenoy,Maintenance,EUBL4213920290217,"H.No. 328, Karnik Nagar, Durg-877829",2023-04-21,15
V0055,Kata Inc,Logistics,CXVX0729409634919,"H.No. 260, Manda Nagar, Surendranagar Dudhrej-616693",2022-04-22,60
V0056,"Chandra, Subramaniam and Parikh",Software,HMUX1974895837148,"H.No. 04, Mammen Ganj, Nagaon-996073",2025-05-09,60
V0057,"Sastry, Pai and Sachar",Office Supplies,WIWD7541779776969,"116, Kale Chowk, Dindigul 040753",2022-04-01,45
V0058,Madan Group,Software,UBXB0977114207884,"50, Hegde Chowk, Bareilly 493378",2023-09-17,15
V0059,Prakash Ltd,Logistics,EYTD2265047765272,"439, Kibe Chowk, Haridwar 249045",2024-05-22,30
V0060,Sem-Manda,Software,CNOE1382679122278,"19/139, Rajagopal Road, Adoni 152020",2026-01-10,45
V0061,Agrawal LLC,Software,BTTF6014890231175,"07, Verma, Dewas-082074",2024-06-07,15
V0062,"Kala, Bakshi and Prasad",Maintenance,JCIM3261841412810,"H.No. 36, Varughese Road, Latur 340500",2024-12-08,60
V0063,"Warrior, Hayer and Venkataraman",Office Supplies,KUVR1189743481064,"34/50, Purohit Path, Vellore 377049",2025-06-18,15
V0064,"Upadhyay, Subramanian and Rao",Maintenance,JAXO2265813285599,"H.No. 42, Ramaswamy Street, Ajmer-080984",2022-03-09,45
V0065,Sule-Mishra,Manufacturing,YMHZ2885488429021,"47/218, Sarma Road, Navi Mumbai 538284",2021-10-08,15
V0066,Ghose-Sahota,Manufacturing,AUEW0307055619027,"67, Balasubramanian Nagar, Serampore 938303",2023-12-25,15
V0067,"Golla, Badal and Sani",IT Equipment,FNHU8027307340568,"688, Thakkar Marg, Baranagar 303486",2023-09-24,60
V0068,"Sibal, Char and Chakrabarti",IT Equipment,EBUA1286352193555,"77/236, Prashad Circle, Motihari 796250",2023-01-30,30
V0069,"Loke, Saha and Sunder",Software,TAFG1898522278255,"55/39, Kalla Ganj, Berhampur-271837",2024-08-11,60
V0070,Mahal PLC,Software,YIEX2278588820848,"482, Pillay Nagar, Patiala-540420",2025-08-25,45
V0071,Lad-Choudhury,Consulting,DFNY5656445373387,"602, Nigam Road, Bhiwani 895605",2025-03-11,30
V0072,"Dave, Deol and Wali",Manufacturing,QFIN1380138619674,"H.No. 91, Saran Street, Purnia 451192",2026-02-15,45
V0073,"Guha, Keer and Sane",Consulting,YVZS1975425181912,"80/850, Menon Chowk, Rajkot 097480",2021-07-29,45
V0074,Bhasin Group,Furniture,TYVL8958916494229,"H.No. 777, Sura Ganj, Medininagar-442984",2022-09-03,60
V0075,Patel-Wagle,IT Equipment,KWEA5427700483667,"32/61, Nagi Road, North Dumdum-132866",2024-12-05,30
V0076,Issac-Sehgal,Manufacturing,PKPO6301170342594,"57/95, Narayan, Danapur-840881",2023-11-03,15
V0077,"Mander, Bhalla and Banik",Maintenance,USSJ2281643759176,"86/998, Bhardwaj Marg, Ramgarh 912010",2023-04-16,15
V0078,Chadha PLC,Manufacturing,HMAY3809372953052,"521, Shah Path, Chinsurah 754699",2023-11-19,30
V0079,Dube LLC,Office Supplies,BRHQ8950160367866,"H.No. 243, Bava, Berhampur-626127",2022-02-18,15
V0080,Suri Group,Office Supplies,GTSV6947377530203,"H.No. 96, Merchant Ganj, Kota-342128",2025-07-26,30
V0081,Rai LLC,IT Equipment,BYDT8106079423333,"H.No. 010, Ratta, Kolhapur-420623",2024-06-22,15
V0082,Purohit-Seshadri,Maintenance,FBSD4068225260125,"94, Devan Marg, Tenali 465183",2024-08-01,15
V0083,Lalla-Dalal,Manufacturing,AZVZ6836274302824,"H.No. 45, Borra Ganj, Kolhapur-180655",2024-04-25,45
V0084,"Kota, Panchal and Deo",Furniture,WPFJ1057152107014,"H.No. 154, Issac Circle, Alappuzha 049805",2023-08-15,30
V0085,Prakash Inc,Software,GSAY2499743986168,"H.No. 174, Choudhary Street, Nanded-123767",2024-05-20,60
V0086,Maharaj-Peri,Manufacturing,BEBT8475547965807,"446, Saran Road, Chapra-809089",2022-06-29,60
V0087,"Om, Dugar and Bedi",Consulting,UKNQ7308507874354,"676, Palla Nagar, Sri Ganganagar-304185",2026-03-11,30
V0088,"Bandi, Balay and Sarna",IT Equipment,EOUV5349343859111,"H.No. 922, Dixit Street, Vadodara-715738",2022-12-20,15
V0089,Srinivasan Ltd,Consulting,QMPJ9381694937654,"38/40, Nagy Nagar, Arrah 543669",2023-04-30,45
V0090,Mahajan PLC,Consulting,UUVQ5095380780534,"60/97, Lata Street, Kishanganj 385610",2025-12-05,60
V0091,Krish and Sons,Furniture,NZKE6520677521760,"33, Karan Chowk, Kumbakonam 402860",2024-03-16,15
V0092,"Sarin, Wable and Sagar",IT Equipment,CGGO6180712628665,"H.No. 60, Krishna Zila, Bellary 082309",2026-03-07,15
V0093,Chaudhary-Jani,Consulting,TXPT5484176286170,"69, Banerjee Circle, Medininagar 161578",2026-06-05,45
V0094,Bahri-Setty,IT Equipment,DUXM5469077352801,"79, Desai, Shimoga-072680",2023-01-23,30
V0095,Wagle Group,Manufacturing,RDPW3163950581965,"722, Sama Ganj, Fatehpur 150896",2026-04-18,30
V0096,Khurana PLC,Furniture,ZUIX5995774740142,"32/79, Kant Circle, Indore-265239",2022-05-03,30
V0097,Char Ltd,Consulting,CANG2360624655014,"H.No. 52, Kannan Street, Davanagere 618223",2022-08-17,30
V0098,Bahri-Ram,Logistics,HWKY3525353486469,"46/416, Babu Road, Buxar 781981",2022-01-28,60
V0099,"Sarin, Salvi and Vohra",Manufacturing,VETI6136454302547,"H.No. 00, Dhaliwal Zila, Panvel 228957",2024-06-15,15
V0100,Nazareth Ltd,Furniture,BGPF1746237659287,"38/99, Lanka Nagar, Mahbubnagar 313234",2024-05-31,15
V0101,"Gupta, Rajan and Soni",Office Supplies,EBPV4959069595705,"94, Chhabra Path, Etawah 462852",2022-06-08,15
V0102,De LLC,IT Equipment,ADTA9994466720737,"H.No. 541, Malhotra Circle, Sultan Pur Majra-746519",2023-08-01,30
V0103,Murthy-Bhandari,Software,IOAF7426049416823,"40/692, Saran, Jamalpur-776230",2025-10-25,60
V0104,"Warrior, Bhatia and Peri",Furniture,SPVP6201675004411,"335, Sahota Zila, Vellore 052534",2022-03-17,60
V0105,Sidhu-Saha,Manufacturing,FQLP9563598117318,"27/688, Sandhu Nagar, Tiruchirappalli 943810",2025-01-21,60
V0106,Vohra-Kalla,Office Supplies,FWXV0501580750224,"H.No. 54, Padmanabhan Path, Kochi-883092",2024-08-28,30
V0107,"Kata, Panchal and Bhavsar",Consulting,ZDRZ6630066635830,"994, Bobal Zila, Amaravati 426056",2022-08-23,15
V0108,Patla Ltd,Consulting,YATD2970793941837,"884, Bhatia Ganj, Nashik-912640",2026-06-24,45
V0109,Pant-Sandhu,Furniture,TIOV2259521923962,"31/257, Rajan Zila, Hubli–Dharwad 983921",2025-05-08,45
V0110,Bhasin-Sagar,Consulting,EQQW1736511729324,"41/508, Ranganathan Nagar, Gorakhpur 668182",2023-12-11,60
V0111,Minhas-Deshmukh,Software,HRZH5407105154656,"H.No. 979, Talwar Path, Kota 823261",2022-03-31,30
V0112,Mital Group,Logistics,IHJW7352293665490,"H.No. 31, Singhal Ganj, Mehsana-113825",2022-12-18,30
V0113,"Rajagopal, Tella and Ghosh",Office Supplies,DHBH9306423390437,"61/51, Dhillon, Sirsa 879520",2026-01-07,15
V0114,"Karnik, Pillay and Sharaf",Maintenance,EGGO6921038141408,"H.No. 33, Prakash Marg, Vijayanagaram 244763",2024-05-19,15
V0115,Cheema LLC,Office Supplies,FAZB8954550926308,"H.No. 396, Rajagopal, Raichur-399589",2022-05-16,60
V0116,Sarkar Inc,Software,TPLR8490619213351,"H.No. 441, Chakraborty Ganj, Kadapa 800654",2022-10-28,15
V0117,Sura Ltd,IT Equipment,UDZW8759540196371,"29/53, Sani Chowk, Bijapur-147827",2022-03-23,30
V0118,"Iyer, Gara and Chakrabarti",IT Equipment,VMCV7642537279993,"H.No. 403, Gopal Street, Kollam 862941",2021-12-03,15
V0119,"Kadakia, Golla and Char",Manufacturing,FTLL1560318521360,"71/355, Sachdev Path, Phusro-179842",2023-07-31,60
V0120,"Babu, Yogi and Murthy",IT Equipment,AGIJ1841715308910,"50/488, Chokshi, Bokaro 123664",2021-11-24,30
V0121,"Kapur, Subramaniam and Pandya",Office Supplies,HZFP5703221628092,"651, Zacharia Road, Berhampore 433765",2023-08-22,15
V0122,Suresh-Rai,Consulting,TZVL4855165993598,"H.No. 40, Shenoy Nagar, Agra-800100",2025-09-20,45
V0123,Edwin LLC,Logistics,QZGS5775386211632,"908, Balan Nagar, Moradabad-442898",2023-01-19,30
V0124,Mody-Mitra,Maintenance,MUTU7202894799934,"H.No. 00, Deshpande Chowk, Chinsurah 368229",2024-01-14,30
V0125,"Mallick, Sha and Chadha",Logistics,AHXV9857192815417,"245, Ben Zila, Sambalpur-785153",2024-02-01,60
V0126,"De, Dixit and Sura",Software,KESN8757791552357,"H.No. 580, Patla, Satna 579526",2022-05-20,45
V0127,Wali Inc,Furniture,BCYP3304266671938,"643, Mani Marg, Chittoor 060428",2024-01-16,45
V0128,Rao Group,IT Equipment,VAAX9208606703163,"99/99, Dave, Avadi-396710",2026-04-06,15
V0129,"Deep, Sheth and Bava",Furniture,WDHO1149453139641,"H.No. 83, Bansal Path, Bhind-968001",2023-11-15,15
V0130,"Devan, Hayre and Dave",IT Equipment,XSRE4137692213341,"83/010, Kant Street, Saharsa-015789",2026-02-01,30
V0131,"Mangal, Sood and Rai",Logistics,EXBD6007375803432,"659, Jani Path, Allahabad-308984",2025-07-03,30
V0132,"Patel, Choudhary and Hari",Maintenance,BOJK2672369397936,"591, Bhardwaj Zila, Vijayanagaram-604699",2026-05-15,15
V0133,Vaidya and Sons,Manufacturing,GLYW9845650360305,"H.No. 45, Pant Nagar, Hubli–Dharwad-499255",2025-01-21,45
V0134,"Edwin, Arya and Dani",Logistics,CLJB6183401336074,"10/78, Krishnan Nagar, Karnal-172863",2025-05-29,30
V0135,"Bhakta, Bath and Parekh",Furniture,GXJQ2812069756026,"H.No. 114, Mohanty Chowk, Thanjavur 840828",2025-05-21,45
V0136,Nair PLC,Office Supplies,GYJN7978109105541,"49/524, Saran Road, Karnal-534278",2023-01-27,45
V0137,Dyal-Ramachandran,IT Equipment,MZCY8703139283277,"80, Kota Nagar, Tumkur-914030",2021-09-14,30
V0138,"Dyal, Ramaswamy and Baria",Logistics,MTWA9843696395014,"H.No. 69, Kadakia Path, Tadipatri-378837",2023-02-05,15
V0139,Karpe-Zacharia,IT Equipment,VQOM1646918082485,"429, Aurora Marg, Guntur-178536",2025-10-19,30
V0140,"Bal, Mand and Buch",Logistics,DBKI2952713140322,"99, Viswanathan Path, Moradabad 673718",2021-10-14,45
V0141,"Palla, Brar and Andra",Manufacturing,ARWW3181951190943,"97/398, Butala Chowk, Dewas 106737",2025-01-16,45
V0142,Minhas Group,Manufacturing,SFPV8378197114772,"086, Sha Zila, Kota 103140",2022-12-11,45
V0143,Khare Ltd,Furniture,PGDP3325978320712,"H.No. 025, Rajagopal Circle, Anantapur-662726",2024-06-24,45
V0144,Halder and Sons,Office Supplies,JTRW5934705333507,"H.No. 161, Mukhopadhyay Nagar, Morbi-738446",2023-08-01,15
V0145,Sampath LLC,Consulting,ATEM4055532696975,"452, Prabhakar Street, Gaya-933433",2025-09-26,45
V0146,"Balakrishnan, Edwin and Basu",Office Supplies,ETWR0493525278964,"H.No. 155, Gola Marg, Firozabad 245079",2022-04-24,15
V0147,"Devi, Oommen and Sood",Maintenance,NBBZ8729837585224,"H.No. 64, Vala Street, Saharsa-545551",2025-07-25,30
V0148,"Luthra, Rastogi and Gole",Logistics,AKZF9681290177067,"95/151, Bhatt Road, Phusro-426284",2025-07-10,30
V0149,Shenoy-Ben,Furniture,ZXVI3851714390465,"432, Pant Path, Udaipur 742296",2021-11-17,60
V0150,Mahal Group,Office Supplies,YXSB4686040618210,"36/32, Chawla Zila, Pune-689235",2025-01-26,15
V0151,"Mitter, Ravel and Choudhury",IT Equipment,CYTN1113411244828,"62, Date Zila, Tiruchirappalli-204615",2023-10-13,30
V0152,Kata-Khanna,Office Supplies,OJZL3551816453953,"45/511, Bhavsar Chowk, Durg-887268",2022-11-08,45
V0153,"Dube, Sahota and Sane",Software,RJPV7149162800034,"16/74, Kohli Path, Rourkela-365902",2025-11-22,60
V0154,"Rau, Gill and Natarajan",Software,JKLF2596782720350,"63, Kulkarni Nagar, Dewas-258726",2021-12-16,15
V0155,"Aggarwal, Viswanathan and Zachariah",Logistics,ABFA9730919538894,"29/93, Sankar Circle, Vellore 299322",2022-05-26,45
V0156,"Sood, Sangha and Ahluwalia",Office Supplies,LYIF1956210934577,"H.No. 577, Mutti Road, Berhampur 877063",2025-01-18,45
V0157,Minhas Group,Manufacturing,VAGN1728120713318,"065, Biswas Circle, Jalgaon-437115",2025-08-05,30
V0158,Sarma LLC,IT Equipment,AZQB7702362382235,"809, Roy Chowk, Bidar 338620",2025-07-02,45
V0159,"Ganesan, Dayal and Sur",Consulting,XVWA0411917371555,"57/31, Khurana Marg, Vadodara 819728",2025-11-24,30
V0160,"Barad, Dugar and Dua",Manufacturing,YGGI3752659529922,"141, Kurian Zila, Sambalpur 450790",2024-04-14,30
V0161,Datta-Bakshi,Software,EIAC3617401353193,"26/71, Ratti Street, Satara 936265",2025-11-15,60
V0162,Mohanty-Walla,Office Supplies,SXBJ8252305777929,"762, Garg Ganj, Morbi 607467",2023-10-12,30
V0163,Kibe Group,Maintenance,LCKF1525865160523,"41/198, Sarkar Path, Rohtak-308589",2026-04-16,60
V0164,"Toor, Bhagat and Badal",Manufacturing,GZQN2821878798280,"88/39, Savant Chowk, Muzaffarnagar-858630",2024-02-05,45
V0165,"Vasa, Kumer and Ranganathan",Software,UFOK0245922440854,"H.No. 808, Pillay Ganj, Cuttack 809386",2023-07-18,15
V0166,"Loke, Natarajan and Korpal",Consulting,YHRN7755760440492,"76, Raval Nagar, Jhansi 139082",2022-09-15,15
V0167,Kibe-Grover,Furniture,MNXV4022972497602,"H.No. 46, Parmer Marg, Ahmedabad-656086",2024-06-21,30
V0168,Thakur PLC,Manufacturing,WYFU9419154208352,"H.No. 04, Bath Zila, Kochi-458569",2021-07-19,60
V0169,Ravel LLC,Maintenance,KIGE2675622940350,"H.No. 139, Oommen Ganj, Nagercoil 624266",2022-10-02,45
V0170,Patil LLC,Manufacturing,DOTQ8332045196151,"778, Randhawa Zila, Bharatpur-640512",2025-09-28,30
V0171,Dewan Group,Office Supplies,FNLU1751341627495,"H.No. 330, Kaul Circle, Mango 208556",2023-06-16,30
V0172,Lata-Naik,Consulting,HFST5303285200505,"26/537, Mukherjee Nagar, Rohtak-214549",2024-11-24,45
V0173,Koshy PLC,Logistics,BLUE3651202302873,"598, Mutti Circle, Karnal-960689",2022-11-21,15
V0174,"Narasimhan, Malhotra and Sarin",Logistics,WLTR1866855260361,"H.No. 828, Bahri Path, Kakinada-899031",2023-07-17,45
V0175,"Dutt, Contractor and Buch",Consulting,KPIJ7569008820868,"13/508, Amble Chowk, Indore-859715",2024-08-01,45
V0176,Kapoor and Sons,Office Supplies,XMZY2029020639575,"26/946, Banik Ganj, Sangli-Miraj & Kupwad 006930",2023-10-26,15
V0177,Lalla-Bose,Logistics,PQGI9319828274864,"12, Virk Circle, Aligarh 455697",2025-12-19,30
V0178,"Naidu, Sur and Sule",Logistics,JNNL1715443144652,"H.No. 285, Kumar Path, Chapra 726737",2021-08-13,15
V0179,"Manne, Chokshi and Vora",IT Equipment,GHFR4798305733898,"H.No. 348, Pai Circle, Bhimavaram-141177",2026-03-03,60
V0180,Toor-Deol,Maintenance,RWKQ3265379288636,"327, Rajan Circle, Shivpuri 822071",2023-05-17,45
V0181,"Bhasin, Pathak and Bhagat",Consulting,AGVH9509029967181,"H.No. 70, Dyal Nagar, Ramgarh-751120",2025-02-18,15
V0182,Rao Group,Consulting,IYQP7176852835709,"69/93, Tak Chowk, Madurai-914442",2022-06-17,30
V0183,Ahluwalia-Pingle,Logistics,VIBH7294604479169,"H.No. 01, Jain Chowk, Gurgaon-797542",2022-10-04,15
V0184,Sundaram-Mody,Consulting,FOVY3337723421454,"11/54, Ghose Street, Dindigul-624249",2024-11-04,15
V0185,"Raja, Rai and Mukherjee",Manufacturing,CTSE8265914760239,"048, Bandi, Loni 652529",2023-12-25,45
V0186,Dayal Group,Consulting,ZQME8191201269079,"03/86, Rana Chowk, Ulhasnagar-370441",2024-01-17,15
V0187,Bhatt and Sons,Maintenance,RUOI6614414236997,"02/668, Ramanathan Zila, Aizawl-590477",2021-11-26,45
V0188,Luthra-Garg,IT Equipment,BRGY4564055664220,"89/44, Goda Circle, Hazaribagh 721378",2024-12-26,45
V0189,Brahmbhatt-Atwal,Logistics,QXWB5961909905849,"99/14, Mallick Circle, Bhatpara-795046",2026-01-02,60
V0190,Deol LLC,Maintenance,HNAF4255680746899,"13, Loke Zila, Bellary 321331",2024-05-17,60
V0191,"Merchant, Dar and Wable",Logistics,ZQQZ4813598140115,"H.No. 00, Nayar Ganj, Vijayawada-177623",2025-01-22,30
V0192,"Chaudhry, Toor and Lalla",Manufacturing,HQJY1569084403536,"H.No. 39, Narayanan Path, Dhanbad 258398",2021-10-24,60
V0193,"Chokshi, Mann and Ghose",Consulting,NUNL1774922523217,"04, Prasad, Secunderabad-907905",2024-04-29,30
V0194,Goyal Ltd,Logistics,XUYT3958215963921,"98/410, Sawhney Nagar, Katni-934050",2022-02-21,60
V0195,"Shroff, Loke and Chaudhari",Office Supplies,TIJP7262696996064,"H.No. 306, Shah Chowk, Ludhiana-556685",2023-11-04,45
V0196,Wali LLC,Logistics,QHJQ0609861936781,"148, Borra Street, Ujjain-385395",2023-12-17,30
V0197,Yadav-Sheth,Consulting,UKWF4984891610323,"72/889, Sagar Chowk, Sultan Pur Majra-379187",2023-12-31,45
V0198,Sahota Inc,Furniture,XEER3212251929226,"470, Kalita Chowk, Eluru 554636",2022-03-12,60
V0199,"Madan, Kala and Bora",Furniture,DJEA7704965173924,"83/57, Dube Ganj, Gaya 998594",2026-04-25,30
V0200,"Thaker, Khurana and Jani",Furniture,GOTJ1501094435658,"34, Chadha Path, Pudukkottai-836726",2025-02-22,30
V0201,Parikh-Shenoy,IT Equipment,EMQV8487698307594,"05/37, Padmanabhan Street, Dehri 114900",2024-08-20,45
V0202,Nagi PLC,Maintenance,GZWK6164109492438,"H.No. 298, Manne, Tadepalligudem-488334",2022-08-26,15
V0203,Balakrishnan and Sons,Manufacturing,BTNI8736170532861,"10/902, Sastry Nagar, Faridabad-680570",2022-01-13,45
V0204,"Barad, Tak and Deep",Manufacturing,AOFM2563972649296,"53, Mani Zila, Berhampur 997522",2024-02-04,30
V0205,Mandal-Grover,Software,BNED9130604783340,"H.No. 927, Dara, Tadepalligudem-734501",2022-10-20,15
V0206,"Doctor, Bhattacharyya and Krishnamurthy",Office Supplies,BTVZ5790775314760,"29/61, Kapur Chowk, Avadi-394094",2021-10-28,30
V0207,"Saha, Tella and Bhatnagar",Furniture,WNIC3114598379745,"314, Kashyap Street, Bahraich 178124",2023-01-21,15
V0208,Konda-Das,Furniture,ZHKD0180710441597,"40/95, Prabhakar, Udaipur 358983",2025-05-06,60
V0209,Mann LLC,Manufacturing,QKRA4380422240738,"427, Ravel Road, Patiala-138449",2023-03-13,60
V0210,Lad Ltd,Furniture,LSQM5237544251435,"H.No. 920, Dugar Street, Salem-793523",2021-11-13,60
V0211,Rama-Memon,Manufacturing,JSGF6402262229273,"H.No. 623, Sachdeva Circle, Gopalpur-938090",2024-11-15,30
V0212,Gera-Prabhu,Office Supplies,IBLE1774190978625,"844, Swamy Street, Pondicherry-424750",2023-06-09,15
V0213,Virk LLC,Consulting,ODNV3284055330953,"09, Tandon Street, Nagpur-790935",2025-06-30,30
V0214,"Mall, Manne and Sha",Software,NZZS4556907618213,"79/356, Nayak Path, Warangal-130289",2023-11-02,60
V0215,"Gandhi, Babu and Apte",Office Supplies,XIHQ2650517584452,"H.No. 03, Lalla Marg, Thane-054820",2022-09-06,30
V0216,"Chad, Narayanan and Sen",IT Equipment,GDWM2032331508835,"25/77, Dada Road, Miryalaguda-471694",2022-01-30,60
V0217,Mohanty-Samra,Software,TXXG8440298538669,"17, Mahajan Circle, Meerut-078227",2024-12-05,60
V0218,Varughese-Gade,Maintenance,MYTC0232636801282,"07/684, Dara Zila, Jamalpur 443997",2022-10-20,60
V0219,"Panchal, Batra and Lala",Consulting,QTUF0441501234590,"H.No. 321, Bassi, Vijayawada 729961",2026-01-09,60
V0220,"Boase, Ratta and Din",Software,IWDE3667273642455,"21, Agrawal Street, Unnao 134296",2022-05-18,60
V0221,"Deshpande, Hayer and Pant",Furniture,COFU1025646230323,"H.No. 869, Nigam Path, Haldia-711479",2022-01-29,45
V0222,Manda-Zacharia,Manufacturing,OAND0837340622675,"553, Johal Nagar, Gangtok-808964",2022-12-04,45
V0223,Lad-Butala,Furniture,QDEG3952548009410,"65/223, Majumdar Path, Tadipatri-056855",2023-03-14,30
V0224,"Kibe, Chad and Shukla",Logistics,JGJZ2876310620796,"951, Venkataraman Ganj, Dehri-579118",2025-07-31,60
V0225,"Saraf, Mandal and Ramachandran",IT Equipment,WVCC3062214762311,"84, Mani Circle, Bhiwani-123711",2026-06-25,45
V0226,Sarin-Bedi,Manufacturing,ONTY7980093488587,"57, Morar Path, Faridabad 273680",2024-01-04,45
V0227,Garde PLC,Maintenance,JTOI1630170950124,"H.No. 063, Nayak Marg, Ramagundam 827027",2023-09-07,45
V0228,Rai Ltd,IT Equipment,WFGD2570233887209,"970, Bansal Nagar, Bardhaman-844606",2025-08-07,30
V0229,"Sekhon, Maharaj and Buch",Software,XCFG0679110223618,"99, Deol Road, Pondicherry 293885",2021-12-30,30
V0230,Tata-Bhatnagar,Consulting,IOTI6218230625921,"H.No. 497, Nagi Circle, Mathura-896705",2025-01-03,30
V0231,Pingle-Verma,Manufacturing,QJCP2932379113420,"420, Srinivas Circle, Miryalaguda 664820",2022-07-08,15
V0232,Kala-Rao,Consulting,FMTJ5302808695503,"H.No. 428, Shere Nagar, Darbhanga-775321",2022-02-21,60
V0233,Lall LLC,Maintenance,WQJZ6381861780756,"678, Borde Path, Miryalaguda-879526",2026-05-19,60
V0234,Lata-Sami,Consulting,ZYVQ8725436021839,"94, Sant Chowk, Varanasi-676517",2025-07-24,15
V0235,Batta-Sane,Manufacturing,WYZR2020751945073,"H.No. 936, Dhillon Marg, Ahmedabad-996960",2022-11-14,60
V0236,Mutti Ltd,Consulting,THEI4134574261437,"H.No. 268, Dua Road, Cuttack-590526",2021-11-12,15
V0237,Wali PLC,Consulting,VUKO7562890019743,"57, Lalla Marg, Dhanbad 725806",2025-11-10,60
V0238,"Mahajan, Karan and Jhaveri",Office Supplies,LMYM0152889322540,"29/76, Manne Marg, Ludhiana 581260",2021-10-19,45
V0239,Wadhwa-Bobal,Logistics,NMMZ7063535110051,"90/81, Khanna, Gandhidham-237544",2022-03-15,60
V0240,"Sarraf, Srinivasan and Kota",Consulting,LPKG2226235537583,"03/299, Pai Marg, Phagwara 131869",2021-08-21,30
V0241,Rau Ltd,Furniture,UFYL7032115380978,"H.No. 82, Mukherjee Path, Delhi-840763",2024-03-13,30
V0242,Barman Group,Logistics,WWID8542809635173,"245, Palan Zila, Hosur 378329",2022-12-29,60
V0243,Lalla Ltd,Furniture,FZSX0445871855936,"H.No. 33, Bhakta Marg, Nagpur-324890",2023-11-27,15
V0244,Murthy Inc,Consulting,BUDY4389833580103,"49/65, Samra, Surendranagar Dudhrej 495264",2021-09-14,45
V0245,Purohit-Shan,Consulting,NQFI8188522328006,"H.No. 19, Doshi Street, Rampur 456859",2026-04-05,30
V0246,Dhawan-Sachar,Furniture,RVOH8175281637744,"H.No. 07, Sinha Circle, Kottayam-475385",2021-10-14,30
V0247,Deol Inc,Office Supplies,OXTL1291308925573,"H.No. 38, Srinivas Street, Kamarhati-571817",2024-04-13,60
V0248,Ramaswamy-Kari,Office Supplies,MKIZ0957916403953,"H.No. 37, Nair Zila, Ghaziabad 272666",2022-10-25,15
V0249,Narain-Shetty,Consulting,CPEB6350380976184,"H.No. 57, Padmanabhan Path, Nashik 299127",2022-10-17,30
V0250,"Memon, Pai and Deep",Furniture,IUXW9901814698059,"80/095, Iyer Path, Kakinada-562679",2022-02-07,30
V0251,Khosla-Mukhopadhyay,Office Supplies,JFIC7607832770180,"H.No. 092, Hari Marg, Mau-080567",2022-04-14,45
V0252,"Minhas, Baral and Talwar",Consulting,PLFQ0976754839145,"H.No. 109, Chaudry, Dindigul 128383",2022-04-02,45
V0253,Puri-Ganesan,Manufacturing,KQRS4424059900165,"33/876, Kakar Ganj, Alappuzha 547167",2021-12-24,60
V0254,Lalla-Venkatesh,Maintenance,UNRL1661937329612,"H.No. 261, Basu, Narasaraopet 731902",2026-06-17,45
V0255,"Sachdev, Natarajan and Murty",Consulting,WGNW8233706601352,"24, Chander Nagar, Hazaribagh 279813",2022-10-02,45
V0256,"Dara, Balay and Chand",Consulting,XQIC6742748241360,"164, Chaudry Ganj, Deoghar-580380",2022-07-29,45
V0257,Sidhu-Borah,IT Equipment,KEYL5497957501409,"H.No. 79, Nagar Circle, Siwan 894630",2022-01-18,60
V0258,Sankar Group,Office Supplies,BSTQ6060222916596,"H.No. 163, Nagi Street, Nangloi Jat-698923",2022-09-08,15
V0259,Dar Group,Maintenance,XAVE6916033678184,"H.No. 063, Bose Nagar, Hospet-203258",2023-04-16,30
V0260,"Salvi, Hora and Basak",IT Equipment,KTZE3972515724660,"018, Sandhu Circle, Nandyal 953382",2021-09-17,15
V0261,Gour-Lad,Office Supplies,PBEU6753653029092,"596, Biswas Street, Karimnagar-796768",2022-03-07,30
V0262,Kurian-Madan,Manufacturing,XDUD2301924574757,"516, Saxena Chowk, Kadapa 491773",2022-07-06,15
V0263,Sachdev Group,Software,GIVX0278985215826,"41, Doctor Chowk, Amroha-950632",2026-04-14,30
V0264,Kaul LLC,Software,RBAI6290175824178,"H.No. 612, Andra Street, Bhiwandi 876240",2023-02-17,60
V0265,"Acharya, Dash and Ghosh",IT Equipment,WGLC6655252610486,"53, Parsa Road, Panchkula 609651",2024-12-29,30
V0266,"Wable, Das and Manda",Furniture,YJEC6282074298380,"93/787, Chanda Ganj, Bokaro-324613",2025-03-25,45
V0267,Krishnan and Sons,Maintenance,DIRJ0526269219632,"64/455, Shankar Path, Junagadh-546547",2026-02-20,30
V0268,Bawa PLC,IT Equipment,VKQV6082367210275,"815, Sachar Marg, Sikar 487519",2024-03-16,30
V0269,"Kalita, Sharaf and Trivedi",Logistics,UFQI6162198087193,"82/47, Sachdeva, Fatehpur 715633",2025-07-10,15
V0270,"Bora, Borra and Sule",Office Supplies,PIJP3817472897829,"H.No. 273, Mutti Path, Muzaffarpur 064359",2023-03-05,45
V0271,Kapadia-Nath,Consulting,VLTK2355978558284,"59/47, Dani Marg, Tiruvottiyur-181859",2022-07-27,60
V0272,"Sastry, Subramanian and Wagle",Manufacturing,DTQF5073603519767,"H.No. 205, Boase Road, Motihari 116782",2023-09-05,15
V0273,"Andra, Dyal and Jani",Manufacturing,BHXX1200577353393,"82/12, Sekhon Street, Siliguri-418594",2022-03-08,15
V0274,Deshpande LLC,Logistics,MPRU2276366900304,"H.No. 047, Gole Circle, Alappuzha 585105",2025-08-07,15
V0275,"Som, Sur and Kumer",Office Supplies,MWBS9855841439098,"620, Patla Marg, Bhalswa Jahangir Pur-734845",2025-01-23,45
V0276,Kakar-Singhal,Consulting,RQCV5062664922617,"44/71, Jain, Bhatpara-395963",2025-06-21,45
V0277,Sarraf Group,IT Equipment,GDTE9150365299842,"H.No. 69, Mohanty Marg, Bidar 458680",2022-05-17,45
V0278,"Yohannan, Pall and Sachdeva",Office Supplies,MGMZ6857688690808,"330, Thaman Path, Mira-Bhayandar-018022",2026-03-14,60
V0279,"Pall, Lall and Narayan",Furniture,YQUO1259066457121,"38/806, Kannan, Bahraich 683474",2022-03-03,15
V0280,Setty-Chawla,Consulting,YGDT4951768022699,"24, Natarajan Ganj, Jehanabad 672725",2023-10-28,45
V0281,Bajaj Inc,Furniture,EUXX4953683157890,"240, Saha Chowk, Amravati 880465",2021-08-15,30
V0282,Garde-Sachdev,Consulting,DORJ6751449474313,"607, Manda Circle, Chandrapur 869529",2022-01-05,30
V0283,Shan-Padmanabhan,Logistics,BKUP9000286025143,"H.No. 02, Sani Marg, Hazaribagh-334499",2024-02-26,60
V0284,Bassi and Sons,Furniture,FJIO0599504486993,"52/942, Parmar Path, Kulti 033159",2025-10-09,60
V0285,"Krishna, Baral and Upadhyay",Logistics,PCKR1002081182411,"48, Rastogi Ganj, Machilipatnam 225517",2025-07-06,45
V0286,Date-Sur,Manufacturing,YPOH9637901449930,"32/27, Kara Nagar, Madurai-885444",2021-09-15,15
V0287,"Keer, Ganesan and Sunder",Logistics,XJVH9214608219164,"19/98, Bhatti Road, Parbhani 479872",2025-12-31,60
V0288,Bahl-Tailor,Manufacturing,BMFD3383038796291,"H.No. 243, Date Marg, Purnia-739034",2022-10-26,60
V0289,"Kapoor, Lalla and Bhagat",Consulting,VGRG5974945111352,"H.No. 998, More Path, Tadipatri-217591",2025-05-16,45
V0290,Mital Ltd,Office Supplies,BUYJ4940110212510,"02/29, Badami, Unnao-360063",2022-06-20,60
V0291,Aurora Ltd,Maintenance,JGST6610115827432,"61, Dalal Path, Parbhani 964173",2025-09-27,30
V0292,"Raval, Luthra and Ramachandran",Furniture,GSXE6596583241237,"56/634, Sharaf Nagar, Bettiah 027258",2022-07-09,30
V0293,Bhatnagar and Sons,Maintenance,HCIZ5137102583679,"416, Reddy Road, Bihar Sharif 988373",2021-12-29,45
V0294,Gour Group,Maintenance,WFDU1840539309485,"H.No. 48, Luthra Chowk, Kadapa-982779",2024-08-02,45
V0295,Misra Inc,Logistics,XPEV3173195293712,"65/01, Luthra Marg, Dhule-433920",2023-01-23,15
V0296,Ganesh Ltd,Manufacturing,FYSV7852826499249,"81, Basu Road, Raipur 674262",2025-06-19,15
V0297,Oommen PLC,Manufacturing,INEZ9371872581778,"69/84, Sathe Street, Panihati 750690",2022-01-15,60
V0298,Thakur-Deo,Furniture,OFSW8657388216779,"702, Bal, Amroha-141475",2022-05-07,30
V0299,"Butala, Tella and Nigam",Furniture,SAJH4755633831592,"H.No. 26, Cherian Chowk, Purnia-283415",2023-10-16,60
V0300,De and Sons,Furniture,LBWO4211367726400,"85/09, Mangal Zila, Thoothukudi-724519",2024-03-13,15
V0301,Chadha Inc,IT Equipment,AKMC9405430238326,"85/73, Wali Ganj, Jaipur 176648",2025-06-05,45
V0302,"Bhandari, Bhalla and Parekh",Manufacturing,DBXB7940226249868,"38/902, Prasad Path, Ichalkaranji-065679",2023-01-09,60
V0303,Kamdar-Johal,Manufacturing,QJEH0245548509400,"40/039, Das, Bhimavaram-360263",2023-04-20,45
V0304,Basu-Bora,Maintenance,DYJA3882805830077,"H.No. 84, Ganesan Street, Sirsa 880055",2025-02-21,60
V0305,Nagarajan Inc,Maintenance,MHLS3618820817024,"28/952, Sarkar Marg, Nadiad-230058",2022-02-15,60
V0306,Dutta-Prakash,Maintenance,KPGO5143862867467,"97, Natarajan Chowk, Kozhikode-476634",2022-10-01,45
V0307,Muni PLC,Furniture,BDKI9990647916199,"57, Sangha Circle, Siwan 503374",2025-04-18,45
V0308,"Bassi, Tank and Memon",Logistics,SDYE8659247508081,"240, Guha, Tirunelveli-939499",2024-04-28,45
V0309,Shanker-Pathak,Manufacturing,NHJD6996157215004,"H.No. 539, Reddy, Ballia 759521",2022-01-14,15
V0310,Seth-Atwal,Manufacturing,LCOD6952900437358,"H.No. 960, Doctor Circle, Begusarai-464726",2021-12-20,45
V0311,Shanker-Malhotra,IT Equipment,SKXX4726734131542,"H.No. 15, Mani, Erode-310092",2025-12-19,30
V0312,Bajwa-Parmer,Manufacturing,PRVO0709520085112,"681, Murthy Nagar, Haridwar-626951",2021-08-23,30
V0313,"Rama, Iyer and Aggarwal",Furniture,OLEA1142573856442,"08/758, Raman Zila, Kottayam-741671",2021-08-29,45
V0314,Gade Group,Logistics,TEJH1046629302230,"H.No. 42, Dara Chowk, Nangloi Jat 816981",2024-11-19,15
V0315,"Varkey, Talwar and Vasa",Manufacturing,ICQZ1192370040189,"35, Rajan Zila, Sirsa-259910",2021-10-23,45
V0316,Babu-Lala,Manufacturing,BFFV5454876400693,"H.No. 07, Loyal, Gopalpur 140622",2022-01-17,45
V0317,Bir-Reddy,Software,OCKJ5833810672789,"89/47, Chaudhary Street, Jamshedpur-746207",2026-06-30,45
V0318,Lad PLC,Office Supplies,QXGO0918153522673,"65/044, Dutt Road, Thanjavur-788466",2025-02-21,30
V0319,Joshi Inc,Logistics,SSHW1132040648838,"76, Arora Nagar, Machilipatnam 121486",2022-06-11,15
V0320,"Sant, Ganesh and Anand",Office Supplies,TLIJ3111602047116,"22, Doctor Circle, Mango 275674",2022-08-26,45
V0321,Chadha Group,Software,BEPH0628972062142,"H.No. 433, Gade Nagar, Guntur-103436",2025-06-10,60
V0322,Loyal-Doctor,IT Equipment,ETCE7013816883698,"H.No. 895, Varma Street, Kavali-133940",2024-01-30,15
V0323,Sant-Aggarwal,Logistics,WRGN5664326216803,"H.No. 88, Pillay Ganj, Adoni 495846",2023-07-10,60
V0324,Bora-Yohannan,Furniture,UOZT3424485555095,"H.No. 989, Chatterjee Marg, Bhalswa Jahangir Pur 029620",2023-12-06,60
V0325,Baral Ltd,Maintenance,FBJX6188830990589,"658, Naidu Street, Madhyamgram-337229",2022-09-18,30
V0326,Hans and Sons,Office Supplies,HBUO6247495935299,"25, Chandran Path, Dhule-249675",2021-10-18,45
V0327,Srivastava-Mishra,Furniture,GMDU7878453422182,"H.No. 15, Narain Path, Lucknow 435903",2023-05-08,15
V0328,"Raju, Bhagat and Halder",IT Equipment,ICOV6422704866766,"13, Mukherjee, Satna-503409",2025-06-03,60
V0329,Narang PLC,Furniture,ZZFB1637982073898,"H.No. 95, Dash Path, Ahmedabad-910601",2025-10-29,15
V0330,Shan-Guha,Office Supplies,KOEB4773354211326,"52/11, Ramaswamy Street, Kanpur 482351",2024-04-22,30
V0331,Nagi LLC,Software,FYCE1130758770792,"24/91, Dhawan Chowk, Ludhiana-592549",2021-12-01,45
V0332,"Dubey, Baral and Singh",IT Equipment,KLAA6313029756660,"84/204, Chakrabarti Street, Bhiwani-920979",2023-12-09,30
V0333,Chakraborty Ltd,IT Equipment,CVHP9395679777250,"95/821, Sundaram Zila, Ichalkaranji-317979",2025-03-15,60
V0334,Sathe-Dugar,Manufacturing,VCJH8866725631678,"H.No. 78, Karpe Circle, Buxar 798683",2025-02-01,60
V0335,Chaudhari-Purohit,Furniture,UNFO1828094382321,"03/060, Patel Ganj, North Dumdum-059234",2024-08-22,60
V0336,"Zacharia, Taneja and Mutti",Logistics,ZQVU0581469089394,"H.No. 42, Dave Street, Eluru-087715",2021-12-30,60
V0337,"Dora, Nath and Parmar",Logistics,JBEX3806742707861,"03/721, Goswami Road, Parbhani 272151",2021-08-31,15
V0338,Pau-Vora,IT Equipment,KCRT5525416811726,"H.No. 65, Chatterjee Ganj, Nashik 987207",2021-09-28,30
V0339,Zacharia-Viswanathan,Manufacturing,KHHP8207552990176,"05/209, Nigam Street, Ongole-046298",2022-09-28,45
V0340,Batra-Lal,IT Equipment,QMZR7901576713522,"25/25, Purohit Path, Mirzapur-495669",2022-04-10,30
V0341,"Wali, Goswami and Viswanathan",Manufacturing,OMVY5537799847686,"953, Tata, Ramagundam 801037",2025-02-28,30
V0342,"Dugar, Kata and Gour",IT Equipment,PLZS8022195537999,"423, Mann Circle, Muzaffarpur 256324",2021-08-21,30
V0343,Kunda Group,Office Supplies,YXBE4507162237111,"72/36, Bahri Road, Mirzapur-307159",2026-05-01,60
V0344,Purohit-Varkey,Furniture,AKHC0935207949881,"65/13, Swaminathan Chowk, Aizawl-705019",2024-12-14,60
V0345,"Sane, Venkataraman and Singh",Logistics,ANMX3408585167560,"51, Ganesan Nagar, Tinsukia-283306",2023-07-13,15
V0346,"Chakrabarti, Verma and Rai",Manufacturing,QUVU1797110908172,"72/473, Chacko Marg, Ozhukarai 389854",2025-07-08,45
V0347,Nagar-Rai,Logistics,EPAA2341981935438,"45/96, Reddy Chowk, Khora -776774",2022-04-21,60
V0348,"Magar, Lall and Sastry",IT Equipment,FEIU3313322857503,"H.No. 06, Sachdeva Street, Giridih 928876",2026-02-23,30
V0349,"Date, Balay and Dora",Logistics,ZLAM0657548813407,"H.No. 91, Bakshi Street, Saharanpur-460091",2024-08-17,30
V0350,Bath-Hegde,Consulting,MUZD6141526349810,"62/74, Sani Marg, Ichalkaranji 855581",2023-07-29,15
V0351,"Bera, Mahajan and Pandey",Manufacturing,VKFY0235053274747,"636, Sura Ganj, Hosur 352043",2022-10-02,30
V0352,Krishnamurthy-Ray,Logistics,FHYN0238825643714,"44/727, Anne Street, Thiruvananthapuram-939514",2024-11-09,30
V0353,Dugal-Bakshi,IT Equipment,QMWL5321283534047,"H.No. 74, Aurora, Singrauli-249083",2023-10-18,15
V0354,Bansal-Dhillon,Software,NZFN3352141911975,"219, Vaidya Street, Gandhidham 016938",2024-12-20,45
V0355,"Joshi, Chhabra and Pai",Logistics,OOLJ5924486815969,"H.No. 30, Reddy Path, Hosur 638425",2023-12-27,60
V0356,Goyal-Pandya,IT Equipment,JUGU8213633712596,"89/01, Pant Path, Haldia-495895",2021-10-19,60
V0357,Palla LLC,Logistics,ZCVO2168588625449,"57/22, Sem Ganj, Bellary 742147",2023-08-29,60
V0358,Handa-Tella,Logistics,KZDF5182121233814,"47/338, Loke, Khora -364676",2022-12-12,60
V0359,"Arora, Kulkarni and Ganesan",Furniture,HVRR3568513864470,"50/77, Loyal Street, Ratlam-328402",2023-02-21,15
V0360,Bahl-Ray,Office Supplies,IIRL4817060180340,"08, Zacharia Marg, Surendranagar Dudhrej 976765",2025-12-31,60
V0361,"Shere, Dhar and Rout",Maintenance,LQPY8939650336200,"87/723, Bera Chowk, Chennai 117041",2023-05-01,45
V0362,Tandon-Mander,Office Supplies,JAMX2180543427088,"611, Mukherjee Chowk, Shivpuri-484366",2024-06-10,15
V0363,Pall and Sons,Manufacturing,SDQJ7791621582294,"53, Ratta Nagar, Tadipatri-690959",2024-02-04,15
V0364,Sinha and Sons,Logistics,VMLZ6733783147530,"H.No. 300, Khosla Street, Karaikudi-345660",2025-01-23,15
V0365,Gole-Master,Software,TCWB6080783607826,"H.No. 18, Gupta Path, Amritsar-466872",2023-05-12,60
V0366,Balan-Tandon,Furniture,WFTQ6157828697917,"685, Ramakrishnan Marg, Khora -629103",2021-08-15,45
V0367,Gopal-Bandi,Software,XKSA8402277418998,"H.No. 581, Goswami Zila, Khammam 117732",2024-07-22,60
V0368,Hari Ltd,Furniture,USID0643602367499,"H.No. 963, Krishnan Nagar, Raipur-898935",2023-08-04,15
V0369,Nayak-Yohannan,Furniture,GOQH5665741889529,"H.No. 049, Kar Path, Patna-840307",2025-02-28,45
V0370,"Ray, Kuruvilla and Mohanty",Consulting,NPWS1939513451484,"00, Rege Zila, Srikakulam 363581",2022-10-31,45
V0371,"Sane, Sami and Vala",Maintenance,LJGB2607942058370,"92/93, Narasimhan Nagar, Pimpri-Chinchwad-671385",2026-05-18,15
V0372,Dubey-Thaman,Software,UOJR0843790468219,"H.No. 86, Kumer Nagar, Thane 336887",2025-06-16,45
V0373,"Raju, Padmanabhan and Munshi",Consulting,TUXH2649135369682,"75/343, Mall Circle, Thanjavur-532228",2024-08-05,60
V0374,Chowdhury-Mani,Logistics,SRHL1987268701569,"H.No. 675, Krish Zila, Bellary-724288",2023-06-08,60
V0375,Singh-Sidhu,Office Supplies,HLLC1932937957955,"01/217, Buch Street, Bharatpur 349994",2025-04-28,60
V0376,"Swamy, Rana and Mander",IT Equipment,KUDT6909468020844,"65/49, Tak Zila, Nizamabad 114552",2023-06-19,45
V0377,Chandran LLC,Logistics,TIVM0707328133731,"H.No. 440, Bora Ganj, Eluru-553200",2025-10-04,45
V0378,"Parsa, Hayre and Basak",IT Equipment,CPQE4870760631864,"14/43, Murty Path, Guntakal 017495",2023-03-24,60
V0379,Gulati and Sons,Office Supplies,WUNG5482947112677,"H.No. 466, Singh Path, Dindigul 133540",2024-09-20,60
V0380,Ratti Ltd,Consulting,APKS1600386165077,"H.No. 33, Nayar Chowk, Jamalpur 973948",2023-09-09,15
V0381,Thaman Group,Manufacturing,ECWQ4148254110824,"H.No. 817, Nayar Nagar, Kolkata 389864",2024-07-17,45
V0382,"Gill, Srivastava and Golla",Furniture,UERN1803265303746,"19/87, Rao Circle, Junagadh 132977",2022-01-12,60
V0383,Khanna PLC,Office Supplies,NDBI1473785703316,"25/43, Dar Ganj, Singrauli 454076",2024-06-21,30
V0384,"Prabhakar, Misra and Pandey",Logistics,ZUQJ8274004141816,"H.No. 46, Dixit Path, Chinsurah-196902",2022-09-20,30
V0385,"Tella, Mittal and Acharya",Logistics,BPRU7433385440543,"55, Suresh Chowk, Raichur-242744",2023-04-04,60
V0386,"Varma, Vohra and Ghosh",Furniture,SGUG8003587136300,"80, Chopra Path, Bikaner-971179",2023-04-25,15
V0387,Yohannan Inc,Office Supplies,DTYY0059526650915,"08/20, Chana Street, Singrauli-381724",2023-04-19,30
V0388,"More, Sankar and Kapur",Software,AGJZ5845337810249,"H.No. 293, Kapur Road, Dewas-284590",2025-02-20,45
V0389,"Ravi, Kalla and Patel",Office Supplies,UMKT1994152024058,"83/36, Korpal Street, Machilipatnam 951193",2025-09-01,60
V0390,Verma PLC,IT Equipment,RRLV1847437901727,"H.No. 65, Narula Nagar, Panihati-883094",2026-01-09,30
V0391,Halder Group,IT Equipment,XOCZ4541778635509,"H.No. 698, Lala Nagar, Kulti 916238",2025-03-27,60
V0392,Ramesh-Sandhu,IT Equipment,HZFZ3366148920979,"H.No. 34, Peri Nagar, Nanded 940362",2022-02-07,30
V0393,"Raja, Ben and Padmanabhan",Furniture,UWJV3842595149701,"527, Nadkarni Zila, Bhiwani-936941",2024-04-14,45
V0394,"Brahmbhatt, Nayak and Dayal",Logistics,SYWC1251144870087,"838, Sood Street, Sambalpur 942449",2024-08-03,60
V0395,Korpal-Kari,Furniture,WGOX2959174838968,"696, Gade Path, Etawah-675444",2026-05-05,60
V0396,Luthra-Ramakrishnan,Manufacturing,UQIV0799312051841,"H.No. 125, Loyal, Sambhal-426120",2024-08-02,60
V0397,Loke-Bahl,Software,MGWO2334697389505,"26, Yogi, Pallavaram 435893",2023-01-05,60
V0398,Ratti-Kadakia,Manufacturing,DGPF2381897287113,"33/556, Zacharia Nagar, Bettiah-392734",2025-08-04,30
V0399,"Rattan, Kar and Mani",IT Equipment,FQMA1196266588573,"70/16, Pradhan Circle, Kishanganj-619427",2023-12-23,45
V0400,Korpal-Sem,Consulting,CFXM6494458100771,"H.No. 13, Dugal Nagar, North Dumdum-783266",2022-10-27,45
V0401,Din Inc,Logistics,WBCE1350042990545,"H.No. 903, Nagarajan Road, Amravati-896186",2022-05-05,15
V0402,Krishna-Dasgupta,Logistics,DBTO9331530356983,"35, Sahota Zila, Bidhannagar 061228",2023-10-20,45
V0403,Sachdeva-Khosla,Furniture,ERQE3195202229085,"83, Dutta Zila, Thoothukudi 958570",2022-03-31,30
V0404,Sankar-Goyal,Furniture,XOLK3931133320862,"32, Varty Path, Haldia-048502",2022-02-11,60
V0405,"Desai, Kalla and Hegde",Maintenance,IJUX6627876856999,"959, Pall Street, Aurangabad-565520",2025-02-13,45
V0406,Savant-Venkataraman,Consulting,FVVV9516805729694,"H.No. 589, Choudhry Ganj, Siliguri-941150",2024-11-22,60
V0407,"Chhabra, Barad and Sangha",Maintenance,APIJ0407671027759,"H.No. 029, Dube, Mehsana 440571",2024-01-04,30
V0408,Virk-Sheth,Manufacturing,EDKH8472432635314,"56, Som, Ujjain-723601",2026-04-16,60
V0409,"Garg, Chopra and Din",Manufacturing,HCTG5403072278059,"071, Shere Path, Belgaum-331570",2022-07-06,60
V0410,Kohli Ltd,Office Supplies,ATZY6550035491008,"H.No. 78, Shenoy Zila, South Dumdum-274168",2023-12-04,45
V0411,Loyal Ltd,Furniture,DOTD3946986594108,"61/458, Bhatti Ganj, Pudukkottai-144937",2026-01-05,60
V0412,Pandya-Keer,Consulting,GBDH2395714616282,"849, Basu Nagar, Bikaner 282309",2025-08-10,30
V0413,"Sami, Bal and Devi",Furniture,CKVZ0860025031961,"03, Dutt Ganj, Begusarai 600967",2022-01-11,15
V0414,Swaminathan-Raval,Software,EKZF1094466139220,"76/29, Dutta Ganj, Karimnagar-738847",2024-05-26,45
V0415,Boase and Sons,IT Equipment,WDCH5571955188157,"01/584, Chacko Road, Madurai 243803",2025-10-20,60
V0416,Nayar LLC,IT Equipment,KUTE5094375297114,"H.No. 506, Aurora Chowk, Purnia-165432",2023-01-13,60
V0417,"Subramanian, Kadakia and Bassi",Office Supplies,CWRI2600708247338,"51/093, Shukla Chowk, Bhimavaram-315805",2024-02-10,30
V0418,Master-Sibal,Consulting,GFAY9754226818346,"00, Vasa Nagar, Rourkela 001980",2024-03-10,30
V0419,Ram PLC,IT Equipment,DVIT2702378735684,"433, Saxena Marg, Delhi-295678",2024-02-15,60
V0420,"Mall, Sandhu and Chaudhary",Logistics,QRNT0725233624156,"H.No. 29, Subramanian Nagar, Parbhani 786443",2024-09-15,45
V0421,Tiwari Inc,Consulting,RZPR5074799707060,"91, Grover Path, Shimla 802954",2026-06-01,15
V0422,"Nath, Choudhury and Samra",Maintenance,KXPH4842347843219,"H.No. 66, Chaudry Path, Berhampur-804288",2023-10-06,60
V0423,Dewan Inc,Maintenance,WLOD2201864038740,"92, Mani Circle, Jorhat 119148",2022-01-20,60
V0424,Devan Inc,Office Supplies,HPZB2811835897665,"432, Bhavsar Ganj, Narasaraopet-318425",2021-12-16,15
V0425,"Bajaj, Bassi and Nori",Manufacturing,NKYD0402020600563,"H.No. 706, Rai Chowk, Srikakulam 705435",2024-03-01,45
V0426,Lad and Sons,Manufacturing,RASD2764777221254,"11/991, Patel Circle, Ballia-133964",2026-06-28,15
V0427,Sharma-Gopal,Consulting,KVPX1611926874224,"H.No. 509, Sengupta Road, Tirunelveli 852500",2022-09-26,15
V0428,"Sekhon, Chahal and Patel",IT Equipment,UTYJ6706213533090,"H.No. 85, Sodhi Zila, Ozhukarai 299077",2022-04-14,60
V0429,Deol-Loke,Software,CHZH4658326792645,"39, Nadig Zila, Arrah 413158",2023-09-23,45
V0430,"Devi, Pau and Goyal",Office Supplies,EMIX8328666975719,"H.No. 58, Kala Nagar, Bhiwani-697348",2024-04-23,15
V0431,Prabhu Ltd,Maintenance,NHTY6979473874559,"H.No. 47, Natt Ganj, Kanpur-384809",2024-11-09,15
V0432,"Goel, Nagarajan and Sha",Logistics,DJTE7902455687069,"034, Andra, Gwalior 119560",2025-11-30,45
V0433,Pradhan-Buch,Maintenance,VOSR7925135450994,"68, Nayak Road, Faridabad 077088",2026-06-21,60
V0434,"Sachdev, Borra and Chaudhry",Software,UFDL5459727207633,"87, Khosla Path, Madhyamgram 508047",2022-07-26,30
V0435,"Narayan, Sankar and Dugar",Consulting,COXT7758045647120,"H.No. 026, Sani Zila, Bally 197535",2023-03-11,30
V0436,"Sahni, Varkey and Setty",Software,QRQF8233163397618,"138, Soni Zila, Jamnagar 995452",2024-02-24,30
V0437,Modi PLC,IT Equipment,KAGC9614065692067,"29/886, Oommen Ganj, Ulhasnagar-799114",2021-07-18,60
V0438,Pau and Sons,Manufacturing,KKZM9110755239251,"582, Upadhyay Street, Mirzapur-702834",2026-04-20,60
V0439,"Yogi, Bhatt and Oza",Software,AVSP3128127012099,"341, Chopra Nagar, Jorhat 822121",2024-06-09,30
V0440,Srinivasan-Sarkar,Furniture,HYFT0214411670442,"H.No. 681, Majumdar Path, Jorhat-966359",2023-09-10,45
V0441,Chatterjee Inc,Furniture,DYYX1822973035309,"865, Kapadia, Nangloi Jat 555060",2023-01-28,45
V0442,"Aurora, Prabhu and Kohli",Office Supplies,YWFT8443212265507,"H.No. 843, Kaul, Dindigul 038869",2022-04-14,60
V0443,Krishnan LLC,Logistics,ATTL7127996205346,"34, Maharaj Chowk, Bangalore 416430",2022-06-25,30
V0444,Narayanan Group,IT Equipment,NUVQ2365694969077,"H.No. 26, Bora Path, Jalna-019529",2026-01-06,60
V0445,Rajan-Gandhi,Maintenance,EZAE6694605340745,"H.No. 89, Gara Street, Satara 498924",2025-06-23,45
V0446,Doshi-Shanker,Consulting,CUOS6430677342032,"697, Toor Marg, Siwan-645261",2023-12-08,45
V0447,"Warrior, Jain and Nigam",Furniture,AICE2680765396689,"10/836, Talwar Marg, Vellore 231707",2024-06-25,45
V0448,"Acharya, Khare and Narula",Manufacturing,UXVK5082430960319,"19/755, Babu Nagar, Suryapet-899176",2021-08-29,60
V0449,Comar LLC,Furniture,OZKU3273440598127,"08/551, Raj Zila, Shimla 910490",2025-09-24,15
V0450,Issac-Kala,Manufacturing,QFIX3061498378379,"832, Gara Street, Begusarai 471015",2026-06-24,60
V0451,"Mahajan, Bose and Korpal",Maintenance,HVDE8708728976166,"81, Srivastava Path, Hospet-032379",2025-01-13,45
V0452,Dubey Inc,Logistics,MCDV7062633194413,"505, Nadig Chowk, Burhanpur 674643",2025-06-22,15
V0453,"Badami, Dubey and Swamy",Consulting,CTPR3739508338764,"022, Bath, Bardhaman 314201",2023-09-09,45
V0454,"Buch, Devan and Gera",Office Supplies,FDPV0634598695851,"074, Dhaliwal Chowk, Bihar Sharif 735461",2024-11-27,15
V0455,Pingle Inc,Furniture,ZXLA2721601082058,"868, Saran Ganj, Mango-310106",2023-08-14,45
V0456,Trivedi-Korpal,Manufacturing,SQKF9273913929454,"17/012, Deshmukh Street, Warangal-864331",2023-10-18,45
V0457,Chawla-Gola,Manufacturing,MCVR2266796800811,"H.No. 49, Viswanathan Zila, Morena-186692",2023-10-07,30
V0458,Kaur-Swaminathan,Logistics,SWSC7329413106260,"H.No. 78, Rajan Path, Raebareli-514824",2023-06-30,30
V0459,Bhakta Ltd,IT Equipment,ZDWT9341822794771,"H.No. 546, Verma Ganj, Thanjavur-247642",2024-08-26,15
V0460,"Sunder, Saraf and Thakur",Logistics,VTUX1395814208796,"334, Bhatti Circle, Khandwa-130410",2022-09-26,60
V0461,"Naidu, Sharma and Golla",Office Supplies,AIIX8272736508656,"027, Kala, Jammu 267688",2021-07-27,45
V0462,Minhas and Sons,Software,LIKT8010162775644,"H.No. 879, Prabhakar Ganj, Mathura-798893",2026-05-20,15
V0463,"Sachdeva, Dar and Bora",Logistics,HJKW1634544556579,"16/17, Gola Circle, Dibrugarh-895977",2023-03-15,45
V0464,Agrawal-Datta,Consulting,PZHG9008474948889,"26, Gara Chowk, Sikar-205613",2025-12-15,30
V0465,Devan LLC,Manufacturing,ZYMY2177922549811,"53, Bala Path, Nandyal-572505",2025-01-10,30
V0466,Sundaram-Dhawan,Maintenance,LADK0532443082051,"62/412, Sekhon Chowk, Solapur-020469",2026-01-30,45
V0467,Ray Group,Software,EYCR4446439990173,"H.No. 621, Dhillon Road, Anand-061769",2021-11-08,45
V0468,Bose-Bandi,Furniture,IOAQ2906265611230,"375, Srinivasan Marg, Howrah 487845",2024-05-25,45
V0469,Kota-Chaudry,Maintenance,EKVH2036776844295,"348, Vora Nagar, Jehanabad 014258",2025-05-24,15
V0470,"Bajaj, Pandya and Thakur",Furniture,KRBV0566522844788,"H.No. 967, Saini Path, Chennai-147457",2023-10-18,15
V0471,Nadkarni-Dhar,Software,SOWW6100855683504,"73/62, Basu Circle, Gaya-833324",2023-10-05,30
V0472,Sarkar-Ram,Consulting,IQMT4581613130712,"H.No. 20, Sunder Circle, Jalgaon-984690",2025-05-06,45
V0473,"Tella, Sachar and Sharma",IT Equipment,USMW8130336970262,"15/866, Rattan Street, Hapur 658796",2022-05-20,60
V0474,Chacko-Chawla,Office Supplies,WUUI0877651062741,"35/279, Ravel Street, Ballia 813191",2022-12-13,45
V0475,Parekh LLC,IT Equipment,KDOK8342265989756,"88/41, Varma Nagar, Buxar-199946",2024-09-20,60
V0476,Dada-Sangha,Maintenance,YRXA2857361447129,"H.No. 775, Krishna Nagar, Barasat-782216",2023-09-23,45
V0477,Choudhury-Ratta,Consulting,HTDE9007622498734,"71/132, Yadav Chowk, Ratlam-712925",2025-09-30,45
V0478,"Bumb, Peri and Bhatnagar",IT Equipment,SLCQ5916108356476,"63, Subramanian Marg, Bhavnagar-908828",2021-11-29,30
V0479,Hora-Pall,Furniture,JIUG9758524288844,"28/347, Narula, Rajpur Sonarpur-851331",2026-06-23,15
V0480,"Kapoor, Basak and Vasa",Maintenance,VBNL9359587013875,"52/056, Dua Zila, Bongaigaon 838605",2024-06-27,30
V0481,Lanka-Gole,IT Equipment,DVDX0634119885736,"410, Panchal Road, Malda 815917",2026-02-08,60
V0482,Agarwal-Thakkar,Logistics,AGZH5908419382557,"93/34, Bala Nagar, Madanapalle 365370",2025-12-23,60
V0483,"Balan, Pathak and Dayal",IT Equipment,QLAY7332895895412,"43/25, Mane Marg, Jamnagar 581861",2024-12-07,30
V0484,Ganesan-Tata,Office Supplies,NGSN8625803692572,"H.No. 50, Deep Path, Ulhasnagar 288330",2024-02-06,15
V0485,Ramachandran and Sons,Logistics,SDVF0745966520542,"27, Kakar Road, Deoghar 989914",2022-10-01,60
V0486,Sandal-Sunder,IT Equipment,SYHJ1416579582119,"73/09, Bahri Street, Gaya 282253",2024-12-18,15
V0487,Shan-Varty,Manufacturing,ORCC0478754200677,"62, Kapur Zila, Mahbubnagar 888472",2022-04-29,30
V0488,"Banik, Sawhney and Krishnamurthy",Consulting,RVFW1145750338295,"H.No. 79, Shenoy Road, Naihati 913077",2021-10-28,60
V0489,Ramaswamy and Sons,Maintenance,JLXA7782505399291,"55/35, Mani Circle, Bhagalpur 179588",2023-09-23,60
V0490,Badal-Wagle,Software,CIXW9139769022986,"H.No. 84, Narasimhan Marg, Katni-686794",2023-08-28,60
V0491,Kala-Kanda,IT Equipment,DYRY6126193660231,"02/31, Bains Chowk, Chapra-649223",2025-07-03,60
V0492,"Dutt, Sarna and Sachdev",Consulting,DMQQ4545676877256,"09, Bhatt Circle, Tadipatri 756792",2022-01-14,45
V0493,Koshy Ltd,Office Supplies,SHVR9433212311674,"41/78, Prabhu Nagar, Tiruppur-602369",2025-04-16,45
V0494,"Bhatt, Doctor and D’Alia",Manufacturing,RNNN8849565396555,"33/631, Mohanty Road, Kolhapur 478151",2025-02-25,60
V0495,Bains and Sons,Furniture,POLQ7938842667752,"19/47, Bandi Circle, Raiganj-744333",2021-09-09,30
V0496,"Contractor, Shroff and Swamy",Maintenance,TFVL3682433214804,"H.No. 859, Vyas Road, Serampore-370068",2022-06-07,15
V0497,Kade Ltd,Maintenance,AKEU6734031293238,"47/09, Samra Circle, Ahmednagar-268095",2022-05-19,45
V0498,"Sen, Parmer and Sandal",Office Supplies,ZVWY6862490000716,"05, Pandey Nagar, Bokaro 889866",2021-11-03,60
V0499,"Bora, Contractor and Nath",Logistics,UYXI3116432184785,"01/426, Ganesh Street, Bathinda-011404",2024-06-11,30
V0500,"Saha, Varma and Khalsa",IT Equipment,KLBI8441288017873,"38, Devan Street, Vijayawada-382360",2023-07-16,60
